City,Lat,Lng,Max Temp,Humidity,Cloudiness,Wind Speed,Country,Date
Tiksi,71.6872,128.8694,43.07,81,83,9.48,RU,1628019158
Baykit,61.67,96.37,62.28,89,76,3.96,RU,1628019158
Yellowknife,62.456,-114.3525,62.56,67,90,5.99,CA,1628019069
Pevek,69.7008,170.3133,37.24,86,67,3.74,RU,1628019159
Adrar,20.5022,-10.0711,91.9,32,12,9.93,MR,1628019159
Jinchang,38.4953,102.1739,73.45,25,100,5.21,CN,1628019159
Lata,40.1629,-8.3327,66.34,83,100,4.25,PT,1628019160
Hobart,-42.8794,147.3294,48.06,77,85,1.99,AU,1628019160
Djebeniana,35.035,10.9081,87.6,73,0,11.54,TN,1628019160
Poli,-3.3333,36.8,62.87,68,20,11.5,TZ,1628019161
Sawtell,-30.3833,153.1,47.19,94,0,4.61,AU,1628019161
Olinda,-8.0089,-34.8553,78.53,78,75,12.66,BR,1628019161
Dikson,73.5069,80.5464,47.98,82,98,5.97,RU,1628019162
Chokurdakh,70.6333,147.9167,41.97,54,17,7.47,RU,1628019162
Busselton,-33.65,115.3333,44.1,77,86,2.98,AU,1628019162
Avarua,-21.2078,-159.775,75.25,73,20,6.91,CK,1628019162
Kapaa,22.0752,-159.319,80.92,74,90,4.0,US,1628019163
Bredasdorp,-34.5322,20.0403,56.52,82,2,3.44,ZA,1628019163
Mount Gambier,-37.8333,140.7667,46.31,93,75,9.22,AU,1628019163
Rikitea,-23.1203,-134.9692,69.93,56,100,16.69,PF,1628019164
Ushuaia,-54.8,-68.3,44.26,53,40,16.11,AR,1628019164
Grand Gaube,-20.0064,57.6608,70.2,71,0,3.0,MU,1628019164
Mataura,-46.1927,168.8643,32.49,98,61,3.13,NZ,1628019165
Pangai,-19.8,-174.35,69.91,64,75,5.75,TO,1628019165
Cuiluan,47.72,128.648,65.59,97,78,2.98,CN,1628019165
Severo-Kuril'sk,50.6789,156.125,51.76,78,100,16.4,RU,1628019166
Hong Kong,22.2855,114.1577,83.32,88,100,1.01,HK,1628018946
Kavieng,-2.5744,150.7967,81.52,77,11,6.06,PG,1628019166
Alice Springs,-23.7,133.8833,35.15,69,1,3.44,AU,1628019071
Haines Junction,60.7522,-137.5108,60.75,77,95,2.3,CA,1628019167
Kruisfontein,-34.0033,24.7314,58.89,53,0,6.91,ZA,1628019167
Garden City,42.3256,-83.331,80.92,44,90,1.01,US,1628019129
Krasnoarmeysk,51.0239,45.6969,71.08,56,94,3.44,RU,1628019167
Bluff,-46.6,168.3333,32.81,87,61,7.27,NZ,1628019168
Clyde River,70.4692,-68.5914,41.23,87,40,16.11,CA,1628019168
Esperance,-33.8667,121.9,48.04,77,69,6.15,AU,1628019168
Qaanaaq,77.484,-69.3632,41.58,86,100,4.52,GL,1628019168
Malakal,9.5334,31.6605,73.0,89,96,4.36,SS,1628019169
Ambilobe,-13.2,49.05,67.6,86,40,4.09,MG,1628019169
Vaini,-21.2,-175.2,68.16,83,20,6.91,TO,1628019169
Port Alfred,-33.5906,26.891,67.98,40,0,10.04,ZA,1628019170
Tombouctou,20.0,-3.0,101.5,21,7,5.01,ML,1628019170
Willowmore,-33.2926,23.4895,57.42,23,0,3.6,ZA,1628019170
Bethel,41.3712,-73.414,78.1,57,1,0.0,US,1628019171
Omboué,-1.5746,9.2618,74.61,87,52,8.93,GA,1628019171
Verāval,20.9,70.3667,81.59,84,100,19.8,IN,1628019171
Albany,42.6001,-73.9662,79.14,54,100,3.0,US,1628018959
Isabela,6.7085,121.9711,79.32,87,100,3.78,PH,1628019172
Seoul,37.5683,126.9778,80.17,86,75,6.91,KR,1628018832
Yangi Marg`ilon,40.4272,71.7189,79.52,41,96,11.5,UZ,1628019172
Kabalo,-6.05,26.9167,81.09,30,2,3.67,CD,1628019173
Vestmannaeyjar,63.4427,-20.2734,54.0,90,100,6.13,IS,1628019173
Kungurtug,50.5994,97.5228,47.93,83,7,1.72,RU,1628019173
Hilo,19.7297,-155.09,74.93,86,90,6.91,US,1628019174
Ostrovnoy,68.0531,39.5131,57.58,92,100,15.12,RU,1628019174
Punta Arenas,-53.15,-70.9167,44.71,70,75,17.27,CL,1628018984
Yamada,39.4667,141.95,76.51,90,99,3.76,JP,1628019174
Mandalgovi,45.7625,106.2708,51.6,86,100,22.15,MN,1628019175
Tasiilaq,65.6145,-37.6368,46.56,79,100,3.53,GL,1628019175
Tuktoyaktuk,69.4541,-133.0374,48.2,71,20,3.44,CA,1628019176
North Bend,43.4065,-124.2243,69.93,86,20,11.5,US,1628019176
Poplar Bluff,36.757,-90.3929,80.87,50,1,6.91,US,1628019176
Barrow,71.2906,-156.7887,51.82,74,90,19.57,US,1628019176
San Jerónimo,-11.9472,-75.2829,61.09,37,86,9.26,PE,1628019177
Yima,34.7381,111.8839,73.02,83,37,2.26,CN,1628019177
Provideniya,64.3833,-173.3,51.91,93,90,20.13,RU,1628019177
Cabo San Lucas,22.8909,-109.9124,98.51,52,75,14.97,MX,1628019178
Praia,14.9215,-23.5087,75.74,94,90,14.97,CV,1628019178
Nikolskoye,59.7035,30.7861,59.02,96,42,6.64,RU,1628019178
Departamento de Maldonado,-34.6667,-54.9167,58.39,71,0,3.18,UY,1628019179
Anloga,5.7947,0.8973,79.02,89,95,14.5,GH,1628019179
Talnakh,69.4865,88.3972,64.92,56,57,1.57,RU,1628019179
Río Gallegos,-51.6226,-69.2181,48.25,40,0,17.27,AR,1628019180
Disna,55.568,28.1971,54.84,92,50,5.84,BY,1628019180
New Norfolk,-42.7826,147.0587,47.71,83,57,1.99,AU,1628019180
Neepawa,50.2289,-99.4664,86.4,14,100,9.93,CA,1628019181
Lamar,33.6668,-95.5836,89.89,56,20,0.0,US,1628019181
Ribeira Grande,38.5167,-28.7,79.2,65,20,2.3,PT,1628019181
Sakaiminato,35.55,133.2333,78.78,83,20,3.44,JP,1628019182
Plaeng Yao,13.5847,101.284,85.71,83,100,5.64,TH,1628019182
Atuona,-9.8,-139.0333,77.54,70,20,19.82,PF,1628019121
Alta Floresta,-9.8756,-56.0861,94.82,21,20,10.36,BR,1628019182
Cidreira,-30.1811,-50.2056,58.44,83,16,8.99,BR,1628019183
Nome,64.5011,-165.4064,67.15,77,1,10.36,US,1628019119
Kampot,10.6167,104.1833,80.65,84,100,9.98,KH,1628019183
Puerto Ayora,-0.7393,-90.3518,76.96,77,87,12.75,EC,1628019183
Port Elizabeth,-33.918,25.5701,61.11,62,40,6.91,ZA,1628019157
Khatanga,71.9667,102.5,64.72,61,100,9.37,RU,1628019184
Masty,53.4122,24.5387,56.03,87,9,5.01,BY,1628019184
Hermanus,-34.4187,19.2345,54.9,95,15,0.87,ZA,1628019184
George Town,5.4112,100.3354,82.33,86,40,3.0,MY,1628019161
Saskylakh,71.9167,114.0833,52.05,68,45,5.75,RU,1628019185
Ridgecrest,35.6225,-117.6709,106.3,10,1,1.01,US,1628019022
Saint-Philippe,-21.3585,55.7679,67.59,66,0,8.75,RE,1628019185
Touros,-5.1989,-35.4608,76.1,71,96,15.99,BR,1628019186
Kavaratti,10.5669,72.642,81.12,80,55,16.11,IN,1628019186
San Matías,-16.3667,-58.4,90.03,22,100,4.9,BO,1628019186
East London,-33.0153,27.9116,68.22,30,0,7.0,ZA,1628019186
Naze,28.3667,129.4833,78.15,85,73,13.6,JP,1628019187
Kiama,-34.6833,150.8667,52.38,62,3,10.0,AU,1628019187
Baghdad,33.3406,44.4009,102.11,21,0,5.75,IQ,1628019187
Walvis Bay,-22.9575,14.5053,60.1,94,50,5.75,NA,1628019188
Denpasar,-8.65,115.2167,80.26,89,75,14.97,ID,1628019061
Porto-Novo,6.4965,2.6036,78.62,87,61,5.06,BJ,1628019188
Bhānvad,21.9264,69.7736,80.42,83,100,16.98,IN,1628019188
Butaritari,3.0707,172.7902,81.3,78,100,13.22,KI,1628019189
Jamestown,42.097,-79.2353,74.52,46,20,6.91,US,1628019079
Carnarvon,-24.8667,113.6333,51.87,45,0,12.66,AU,1628019007
Northam,51.0333,-4.2167,62.29,81,97,2.73,GB,1628019189
Port Blair,11.6667,92.75,82.08,83,99,17.96,IN,1628019189
Saint Paul Harbor,57.79,-152.4072,56.71,72,90,3.44,US,1628019190
Coyhaique,-45.5752,-72.0662,48.81,72,100,5.39,CL,1628019190
Geraldton,-28.7667,114.6,45.01,81,0,5.75,AU,1628019068
Sambava,-14.2667,50.1667,69.15,88,12,11.9,MG,1628019190
São Filipe,14.8961,-24.4956,75.06,97,100,12.39,CV,1628019191
Den Helder,52.9599,4.7593,63.99,70,0,8.01,NL,1628018996
Lebu,-37.6167,-73.65,54.97,78,10,17.07,CL,1628019191
Padang,-0.9492,100.3543,77.04,88,91,3.31,ID,1628019192
Ivybridge,50.3904,-3.9191,62.85,78,50,1.68,GB,1628019192
Leh,34.1667,77.5833,65.8,36,36,4.63,IN,1628019192
Thompson,55.7435,-97.8558,82.56,42,20,13.8,CA,1628018875
Cape Town,-33.9258,18.4232,58.87,81,75,1.01,ZA,1628019193
Shingū,33.7333,135.9833,76.91,91,53,4.68,JP,1628019193
Henties Bay,-22.116,14.2845,59.86,88,50,7.45,NA,1628019193
Tautira,-17.7333,-149.15,78.82,80,70,9.75,PF,1628019193
Roald,62.5833,6.1333,59.05,67,20,6.91,NO,1628019194
Rocha,-34.4833,-54.3333,55.67,80,0,5.48,UY,1628019194
Lorengau,-2.0226,147.2712,81.57,79,37,6.13,PG,1628019194
Rimbey,52.6334,-114.2353,82.24,35,0,10.09,CA,1628019195
Ixtapa,20.7,-105.2,90.23,74,75,12.66,MX,1628019195
Bowen,-20.0167,148.2333,53.82,86,0,6.02,AU,1628019195
Upernavik,72.7868,-56.1549,43.11,89,96,6.89,GL,1628019195
Churapcha,62.0025,132.4325,55.92,74,25,2.46,RU,1628019196
Shirokiy,49.758,129.523,64.36,96,100,4.21,RU,1628019196
Changli,39.7042,119.1506,71.6,89,100,1.14,CN,1628019196
Illela,13.7292,5.2975,89.24,50,37,10.67,NG,1628019197
Washougal,45.5826,-122.3534,95.45,48,1,4.61,US,1628019197
Letychiv,49.3826,27.6305,65.19,58,91,2.71,UA,1628019197
Mikuni,36.2171,136.1519,78.71,81,31,6.87,JP,1628019198
Khanbari,27.3747,87.2039,73.96,90,100,1.72,NP,1628019198
Nanortalik,60.1432,-45.2371,45.25,92,100,10.78,GL,1628019198
Dunda,-8.1167,34.25,62.92,63,4,3.91,TZ,1628019199
Cooma,-36.2333,149.1333,38.97,65,15,17.27,AU,1628019199
Tabou,4.423,-7.3528,76.8,81,79,7.0,CI,1628019199
Oskarshamn,57.2645,16.4484,62.8,80,85,5.44,SE,1628019182
Chenzhou,25.8,113.0333,77.29,87,40,1.86,CN,1628019200
Saint-Augustin,51.226,-58.6502,71.11,49,100,22.82,CA,1628019200
Barra de Tecoanapa,16.5167,-98.75,87.03,68,100,9.06,MX,1628019200
Bathsheba,13.2167,-59.5167,86.61,62,20,11.5,BB,1628019200
Businga,3.3333,20.8833,74.88,71,34,2.13,CD,1628019201
San Vicente,-26.6167,-54.1333,66.24,33,9,4.0,AR,1628019201
Cherskiy,68.75,161.3,37.76,86,95,16.71,RU,1628019201
Picota,-6.9197,-76.3304,91.89,37,17,0.89,PE,1628019202
Kjøllefjord,70.9457,27.3465,50.05,87,20,9.22,NO,1628019202
Russell,32.3502,-85.1999,86.79,66,75,6.91,US,1628019133
Pangody,65.85,74.4859,59.45,66,100,11.48,RU,1628019203
Hithadhoo,-0.6,73.0833,81.72,75,100,8.41,MV,1628019203
Camacupa,-12.0167,17.4833,65.66,27,0,4.94,AO,1628019203
Bilma,18.6853,12.9164,98.38,23,4,7.36,NE,1628019203
Marzuq,14.4,46.4667,84.47,52,88,7.49,YE,1628019204
Zhalantun,48.0,122.7167,62.55,92,100,1.32,CN,1628019204
Yulara,-25.2406,130.9889,40.84,60,0,4.61,AU,1628019205
Prince Rupert,54.3161,-130.3201,57.29,97,90,5.75,CA,1628019143
Adra,36.7496,-3.0206,87.82,76,0,3.27,ES,1628019205
Mossamedes,-15.1961,12.1522,67.26,85,0,8.9,AO,1628019205
Markova,48.6758,24.4138,56.93,90,5,5.5,UA,1628019206
Yerbogachën,61.2767,108.0108,57.65,69,0,4.92,RU,1628019206
Guerrero Negro,27.9769,-114.0611,87.64,46,70,8.86,MX,1628019206
Nuevo Progreso,23.1667,-97.95,96.6,48,77,12.44,MX,1628019206
Arlit,18.7369,7.3853,102.09,17,37,2.98,NE,1628019207
Avera,33.194,-82.5271,82.27,72,82,9.53,US,1628019207
Progreso,21.2833,-89.6667,91.51,66,39,15.64,MX,1628019207
Bambous Virieux,-20.3428,57.7575,70.05,60,20,12.66,MU,1628019208
Los Llanos de Aridane,28.6585,-17.9182,69.55,90,40,11.5,ES,1628019208
Ringe,55.2451,10.4706,58.19,76,40,5.03,DK,1628019208
Muyezerskiy,63.9333,31.65,48.45,94,100,14.7,RU,1628019209
Wellington,-41.2866,174.7756,47.86,74,75,3.0,NZ,1628019074
Buluang,13.3068,123.3425,82.04,81,100,10.89,PH,1628019209
Dingzhou,38.5131,114.9956,77.11,88,100,3.24,CN,1628019210
Saint George,37.1041,-113.5841,102.67,21,1,1.01,US,1628019004
Ende,-8.8432,121.6623,76.26,87,62,4.43,ID,1628019210
Yumen,40.2833,97.2,72.43,15,100,8.41,CN,1628019210
Mar del Plata,-38.0023,-57.5575,64.42,54,0,1.99,AR,1628019183
Peniche,39.3558,-9.3811,71.76,85,100,13.94,PT,1628018935
Andenes,69.3143,16.1194,50.07,81,75,6.91,NO,1628019211
Edd,13.9297,41.6925,90.64,65,99,2.04,ER,1628019211
Iporá,-16.4419,-51.1178,87.66,19,72,7.54,BR,1628019086
Oneonta,42.4529,-75.0638,78.1,54,100,2.64,US,1628019212
San Cristobal,7.7669,-72.225,80.78,59,99,7.74,VE,1628019212
Pisco,-13.7,-76.2167,66.25,72,40,9.22,PE,1628019212
Port Moresby,-9.4431,147.1797,74.1,89,74,3.69,PG,1628019213
Fortuna,40.5982,-124.1573,86.18,79,1,10.36,US,1628019213
Tsurib,42.2368,46.8307,58.91,69,8,8.46,RU,1628019213
Moses Lake,47.1301,-119.2781,93.29,27,1,4.61,US,1628018939
Ust-Nera,64.5667,143.2,51.93,56,0,6.04,RU,1628019214
San Francisco,37.7749,-122.4194,89.64,73,20,7.0,US,1628019000
Archidona,37.0965,-4.3887,70.23,69,0,5.68,ES,1628019214
Omiš,43.4447,16.6886,76.93,58,46,2.89,HR,1628019214
High Level,58.5169,-117.136,71.71,94,75,4.61,CA,1628019215
Nouadhibou,20.931,-17.0347,73.38,78,0,10.36,MR,1628019215
Ayagoz,47.9714,80.4392,71.22,45,67,9.33,KZ,1628019215
Dudinka,69.4058,86.1778,63.93,72,94,2.55,RU,1628019216
Muzhi,65.3667,64.6667,62.44,73,65,4.34,RU,1628019216
Morón,-34.6534,-58.6198,66.0,44,35,2.62,AR,1628019216
Hay River,60.8156,-115.7999,67.98,73,90,8.05,CA,1628019169
Enshi,30.3,109.4833,73.18,96,0,1.23,CN,1628019217
Saint-Pierre,-21.3393,55.4781,67.68,53,90,10.36,RE,1628019217
Bushehr,28.9684,50.8385,91.49,52,0,0.0,IR,1628018943
Coquimbo,-29.9533,-71.3436,58.73,72,20,13.8,CL,1628019130
Te Anau,-45.4167,167.7167,32.59,94,100,0.65,NZ,1628019218
Faanui,-16.4833,-151.75,79.23,74,17,10.13,PF,1628019218
La Macarena,2.1837,-73.7849,83.43,57,100,5.23,CO,1628019218
Iqaluit,63.7506,-68.5145,46.13,81,90,15.01,CA,1628019219
Eyl,7.9803,49.8164,78.8,75,19,23.96,SO,1628019219
Borsad,22.4167,72.9,81.12,79,100,13.71,IN,1628019219
Kudymkar,59.0173,54.656,67.15,84,6,5.32,RU,1628019219
Tual,-5.6667,132.75,80.73,75,95,19.08,ID,1628019220
Camacha,33.0833,-16.3333,71.02,64,40,12.66,PT,1628019220
Moïssala,8.3404,17.7663,70.25,97,100,4.45,TD,1628019220
Kano,12.0001,8.5167,80.98,63,22,6.58,NG,1628019221
Chui,-33.6971,-53.4616,56.17,79,3,4.85,UY,1628019221
Payo,-3.7508,103.6372,74.25,88,46,2.62,ID,1628019221
Marsh Harbour,26.5412,-77.0636,83.84,65,100,5.86,BS,1628019221
Vytegra,61.0064,36.4481,59.09,81,5,11.21,RU,1628019222
Hasaki,35.7333,140.8333,77.29,89,1,8.41,JP,1628019222
Goderich,43.7501,-81.7165,77.04,60,0,8.05,CA,1628019222
Batagay-Alyta,67.8006,130.4114,57.13,49,90,4.41,RU,1628019223
Samarai,-10.6167,150.6667,78.64,83,81,11.97,PG,1628019223
Dossor,47.5272,52.9811,90.93,20,5,8.99,KZ,1628019223
Newtownards,54.5924,-5.6909,63.34,72,98,1.99,GB,1628019224
Athabasca,54.7169,-113.2854,75.02,40,49,9.89,CA,1628018931
Vanavara,60.34,102.2797,56.91,81,99,2.33,RU,1628019224
Paita,-5.0892,-81.1144,75.76,68,62,17.13,PE,1628019224
Las Vegas,36.175,-115.1372,106.27,17,1,0.0,US,1628018995
Harlingen,26.1906,-97.6961,96.71,55,40,0.0,US,1628019060
Meulaboh,4.1363,96.1285,75.34,93,97,6.2,ID,1628019225
Auki,-8.7676,160.7034,74.7,86,25,5.91,SB,1628019225
Saint-Gabriel,46.3001,-73.3824,76.77,64,63,10.89,CA,1628019225
Gao,16.6362,1.637,95.9,30,83,6.64,ML,1628019226
Dillon,34.4166,-79.3712,74.82,96,100,11.12,US,1628019188
Koulamoutou,-1.1303,12.4736,80.49,46,74,0.85,GA,1628019226
Teluk Nibung,3.001,99.8164,76.12,92,65,4.81,ID,1628019227
Tavricheskoye,54.5851,73.6395,57.11,93,81,6.69,RU,1628019227
Plymouth,41.8334,-70.8328,79.16,67,1,5.75,US,1628019227
Airai,-8.9266,125.4092,56.34,68,90,2.93,TL,1628019227
Bontang,0.1333,117.5,76.75,90,84,6.69,ID,1628019228
Port Macquarie,-31.4333,152.9167,53.56,55,0,9.17,AU,1628019016
Vidim,56.4088,103.1106,58.17,75,100,2.89,RU,1628019228
Aktau,43.65,51.2,84.78,36,85,6.93,KZ,1628019228
Lüderitz,-26.6481,15.1594,61.54,70,13,6.64,NA,1628019229
Grindavik,63.8424,-22.4338,57.15,82,75,9.22,IS,1628019229
Kumla,59.1277,15.1434,58.95,72,0,3.44,SE,1628019229
Warrnambool,-38.3833,142.4833,49.8,85,90,15.19,AU,1628019074
Khrebtovaya,56.7032,104.2494,58.39,70,100,1.86,RU,1628019230
Richards Bay,-28.783,32.0377,65.43,74,0,17.05,ZA,1628019095
Tataouine,32.9297,10.4518,101.28,34,0,5.86,TN,1628019230
Asău,46.4333,26.4,65.32,83,35,0.96,RO,1628019231
Maningrida,-12.0667,134.2667,67.87,95,100,8.99,AU,1628019231
Ancud,-41.8697,-73.8203,56.43,64,100,4.85,CL,1628019231
Portland,45.5234,-122.6762,88.45,49,75,1.99,US,1628018927
Longyearbyen,78.2186,15.6401,46.24,66,75,25.32,SJ,1628019232
Hamilton,39.1834,-84.5333,82.15,47,40,1.01,US,1628018964
Havelock,34.8791,-76.9013,75.15,95,90,4.0,US,1628019232
Souillac,-20.5167,57.5167,70.18,60,20,12.66,MU,1628019232
Dali,25.7,100.1833,63.37,81,3,0.43,CN,1628019233
Tubualá,9.5167,-79.0333,86.32,72,100,1.88,PA,1628019233
Kahului,20.8947,-156.47,81.66,79,40,20.71,US,1628019230
Tymovskoye,50.8456,142.655,53.33,96,100,5.73,RU,1628019233
Finschhafen,-6.6024,147.8681,77.32,83,40,5.66,PG,1628019234
Norman Wells,65.282,-126.8329,53.64,94,90,3.44,CA,1628019234
Vardø,70.3705,31.1107,47.95,93,75,24.16,NO,1628019234
Cayenne,4.9333,-52.3333,86.09,73,75,4.0,GF,1628019235
Orange,33.7,-117.7675,108.97,49,20,1.99,US,1628019235
Macusani,-14.0833,-70.4333,41.74,58,85,14.2,PE,1628019235
Sorong,-0.8833,131.25,79.36,81,90,3.8,ID,1628019236
Cedar Lake,41.3648,-87.4411,80.89,56,71,1.43,US,1628019232
Jalu,29.0331,21.5482,96.21,14,0,11.83,LY,1628019236
Palmer,42.1584,-72.3287,77.32,53,75,0.0,US,1628019236
Gijang,35.2442,129.2139,80.33,78,95,3.65,KR,1628019237
Arraial do Cabo,-22.9661,-42.0278,69.76,83,75,11.5,BR,1628018967
Tiébissou,7.1574,-5.2257,80.85,84,47,4.97,CI,1628019237
Bandarbeyla,9.4942,50.8122,77.29,82,12,31.7,SO,1628019237
Codrington,-38.2667,141.9667,48.88,88,76,13.73,AU,1628019238
Emmett,43.8735,-116.4993,94.19,34,0,1.19,US,1628019190
North Battleford,52.7834,-108.2847,71.69,68,90,11.5,CA,1628019015
Jiwani,25.05,61.7417,80.62,85,30,7.85,PK,1628019239
Ilulissat,69.2167,-51.1,48.22,81,20,5.75,GL,1628019239
Yārāda,17.65,83.2667,84.52,65,75,2.3,IN,1628019239
Canoinhas,-26.1772,-50.39,62.67,50,0,3.36,BR,1628019240
Vila,42.0304,-8.1588,63.73,76,100,4.41,PT,1628019240
Pavlovsk,50.4578,40.1081,70.18,75,100,8.1,RU,1628019240
Chittarkonda,18.1167,82.0833,73.42,89,97,1.9,IN,1628019240
Muli,2.9167,73.5667,82.35,71,100,2.89,MV,1628019241
Kieta,-6.2167,155.6333,77.95,86,29,3.22,PG,1628019241
Gizo Government Station,-8.103,156.8419,80.76,80,79,13.65,SB,1628019241
San Patricio,28.017,-97.5169,93.29,51,100,3.6,US,1628019242
Jacareacanga,-6.2222,-57.7528,91.71,49,40,3.44,BR,1628019242
Belen,36.4891,36.2233,77.14,65,0,18.41,TR,1628019242
Alofi,-19.0595,-169.9187,71.49,78,79,8.05,NU,1628019243
Quatre Cocos,-20.2078,57.7625,69.91,66,0,11.1,MU,1628019243
Barcelos,41.5388,-8.6151,73.29,88,100,4.03,PT,1628019243
Fort Nelson,58.8053,-122.7002,81.99,36,20,11.5,CA,1628019014
Camaná,-16.6228,-72.7111,65.28,76,61,7.56,PE,1628019244
Kuznechnoye,61.12,29.8686,54.45,79,100,12.37,RU,1628019244
Mahébourg,-20.4081,57.7,70.09,60,20,12.66,MU,1628019244
Edéa,3.8,10.1333,76.78,97,100,1.61,CM,1628019245
Shāhpur,16.7,76.8333,76.17,79,26,16.13,IN,1628019245
Katsuura,35.1333,140.3,80.71,87,18,6.69,JP,1628019155
Aleksandrov Gay,50.147,48.5704,87.46,14,49,6.29,RU,1628019245
La Palma,33.8464,-118.0467,108.81,47,1,4.0,US,1628019245
Tura,25.5198,90.2201,76.06,95,100,5.48,IN,1628019246
Ghanzi,-21.5667,21.7833,57.94,28,0,8.12,BW,1628019246
Gilleleje,56.122,12.3106,62.85,63,55,8.25,DK,1628019246
Newcastle,-32.9272,151.7765,52.79,72,1,5.99,AU,1628019151
Paamiut,61.994,-49.6678,45.77,90,100,7.63,GL,1628019247
Castro,-24.7911,-50.0119,58.26,60,13,3.06,BR,1628019247
Namatanai,-3.6667,152.4333,78.48,84,43,3.49,PG,1628019247
Morant Bay,17.8815,-76.4093,87.66,71,99,10.36,JM,1628019248
Tamandaré,-8.7597,-35.1047,74.62,85,33,11.25,BR,1628019248
Amalāpuram,16.5833,82.0167,81.18,73,81,4.03,IN,1628019248
Quelimane,-17.8786,36.8883,66.15,82,20,0.0,MZ,1628019249
Bambanglipuro,-7.95,110.2833,75.24,92,58,5.97,ID,1628019249
Damaturu,11.747,11.9608,80.87,69,91,9.53,NG,1628019249
Torrington,41.8007,-73.1212,77.05,59,100,1.99,US,1628019250
Beloha,-25.1667,45.05,63.18,68,90,12.73,MG,1628019250
Poum,-20.2333,164.0167,69.4,72,26,10.71,NC,1628019250
Coahuayana Viejo,18.7333,-103.6833,92.68,55,9,8.5,MX,1628019250
Leningradskiy,69.3833,178.4167,35.91,97,100,4.38,RU,1628019251
São João da Barra,-21.6403,-41.0511,73.49,79,19,15.14,BR,1628019251
Mayo,38.8876,-76.5119,83.8,62,1,5.01,US,1628019251
Kudahuvadhoo,2.6708,72.8944,82.15,72,100,2.86,MV,1628019252
San Roque,36.2107,-5.3842,74.21,83,0,5.75,ES,1628019252
Zeya,53.75,127.2667,54.28,92,74,4.65,RU,1628019252
Khovu-Aksy,51.1333,93.6,56.34,69,67,3.22,RU,1628019253
Sarkand,45.41,79.9186,73.13,30,100,5.61,KZ,1628019253
Darhan,49.4867,105.9228,55.44,83,100,2.21,MN,1628019254
Kanniyākumāri,8.0833,77.5667,79.79,78,100,20.69,IN,1628019254
Qaqortoq,60.7167,-46.0333,50.5,93,100,6.22,GL,1628019254
Saldanha,-33.0117,17.9442,56.64,94,3,7.67,ZA,1628019255
Katangli,51.7102,143.2326,51.89,97,100,15.5,RU,1628019255
Nyírlugos,47.6932,22.0448,74.59,43,74,4.07,HU,1628019255
Gaoual,11.75,-13.2,77.0,90,100,3.36,GN,1628019256
Swan River,52.1058,-101.2676,85.89,39,100,9.22,CA,1628019020
Belaya Gora,68.5333,146.4167,47.01,50,5,5.57,RU,1628019256
Plaster Rock,46.9065,-67.39,76.95,49,81,11.5,CA,1628019256
Makhu,31.1033,74.9978,84.56,70,92,7.29,IN,1628019257
Ingham,42.6,-84.3833,80.19,46,40,8.05,US,1628019257
North Platte,41.1239,-100.7654,87.69,35,1,0.0,US,1628019065
Ocampo,21.65,-101.5,74.28,47,100,6.64,MX,1628019257
Karasjok,69.4719,25.5112,48.31,73,100,15.28,NO,1628019258
Puro,12.4841,123.3827,82.44,77,100,14.41,PH,1628019258
Mungaoli,24.4167,78.1,75.56,88,100,18.63,IN,1628019258
Ponta do Sol,32.6667,-17.1,74.71,69,0,5.93,PT,1628019259
Yaan,7.3833,8.5667,73.56,94,98,5.01,NG,1628019259
San Quintín,30.4833,-115.95,79.63,55,0,14.38,MX,1628019259
Mount Isa,-20.7333,139.5,55.17,33,7,12.66,AU,1628019260
Venice,27.0998,-82.4543,87.06,70,100,12.28,US,1628019145
Zonguldak,41.25,31.8333,67.28,50,0,3.87,TR,1628019260
Lincoln,40.8,-96.667,84.74,47,1,3.0,US,1628019044
Laguna,38.421,-121.4238,104.25,34,1,3.44,US,1628019240
Half Moon Bay,37.4636,-122.4286,87.24,67,20,9.22,US,1628019261
Iglesias,39.3114,8.535,80.33,50,78,6.29,IT,1628019261
Muros,42.7762,-9.0603,67.98,94,100,6.11,ES,1628019261
San Felipe,10.3399,-68.7425,84.72,54,67,10.47,VE,1628019262
Sungai Penuh,-2.0833,101.3833,64.27,98,90,1.1,ID,1628019262
Fairbanks,64.8378,-147.7164,80.02,55,1,0.0,US,1628019262
Bulgan,48.8125,103.5347,52.66,88,100,4.54,MN,1628019263
Myanaung,18.2833,95.3167,75.63,94,100,2.82,MM,1628019263
Mehamn,71.0357,27.8492,50.18,87,20,9.22,NO,1628019263
Lavrentiya,65.5833,-171.0,48.96,95,70,6.51,RU,1628019264
Gurkovo,42.6667,25.8,77.97,33,45,3.22,BG,1628019264
Lagoa,39.05,-27.9833,72.73,83,4,8.3,PT,1628019264
Etchoropo,26.7667,-109.6667,102.42,54,0,10.71,MX,1628019265
Esso,55.9333,158.7,41.83,77,62,6.4,RU,1628019265
Vostok,46.4856,135.8833,66.78,97,100,3.6,RU,1628019265
Nova Olímpia,-14.7972,-57.2881,93.49,20,33,3.58,BR,1628019265
Qeshm,26.9581,56.2719,94.89,80,25,10.71,IR,1628019266
Pochutla,15.7432,-96.4661,87.62,52,82,8.79,MX,1628019266
Vaitape,-16.5167,-151.75,79.23,74,17,10.18,PF,1628019266
Port-Gentil,-0.7193,8.7815,76.96,83,75,11.5,GA,1628019267
Manadhoo,5.7667,73.3833,82.26,76,99,8.01,MV,1628019267
Novikovo,51.1537,37.8879,65.55,70,98,7.63,RU,1628019267
Dinguiraye,11.3,-10.7167,73.42,87,100,1.88,GN,1628019268
Santa Luzia,-19.7697,-43.8514,80.74,34,40,3.44,BR,1628019268
Bengkulu,-3.8004,102.2655,75.7,91,81,3.49,ID,1628019268
Maţāy,28.419,30.7792,94.19,13,0,6.24,EG,1628019268
Mīrābād,30.4362,61.8383,91.65,10,0,18.03,AF,1628019269
Narsaq,60.9167,-46.05,50.22,94,100,0.69,GL,1628019269
Kiunga,-6.1219,141.2906,72.97,98,100,2.13,PG,1628019269
Zyryanka,65.75,150.85,43.99,58,90,16.87,RU,1628019270
Okhotsk,59.3833,143.3,53.58,74,0,3.58,RU,1628019270
Cap Malheureux,-19.9842,57.6142,70.29,70,0,3.0,MU,1628019270
Aitape,-3.1374,142.3475,78.12,87,19,5.46,PG,1628019270
Mariinsk,56.2139,87.7472,58.05,96,78,4.07,RU,1628019271
Walla Walla,46.0646,-118.343,100.08,29,1,4.61,US,1628019005
Karratha,-20.7377,116.8463,61.86,25,5,16.51,AU,1628019271
Lompoc,34.6391,-120.4579,85.21,72,1,13.8,US,1628019239
Butajīra,8.1167,38.3667,59.07,89,94,2.95,ET,1628019272
Tuatapere,-46.1333,167.6833,32.83,91,100,5.21,NZ,1628019272
Pasaje,-3.3333,-79.8167,80.31,56,63,8.37,EC,1628019272
Nefteyugansk,61.0998,72.6035,59.25,77,15,8.95,RU,1628019273
Faya,18.3851,42.4509,66.31,78,39,4.68,SA,1628019273
Pimenta Bueno,-11.6725,-61.1936,97.59,16,5,3.31,BR,1628019160
Bedelē,8.456,36.353,54.63,98,100,1.41,ET,1628019273
Mumford,5.2618,-0.759,76.19,91,17,13.15,GH,1628019273
Basti,26.8,82.7167,80.76,81,99,5.82,IN,1628019274
Rincon,32.296,-81.2354,85.96,70,75,6.91,US,1628019274
Halifax,44.6453,-63.5724,77.41,65,75,4.0,CA,1628019237
Burnie,-41.0667,145.9167,48.36,84,7,10.76,AU,1628019274
Zinapécuaro,19.8667,-100.8167,74.05,72,82,2.84,MX,1628019275
Dubovskoye,47.4092,42.7575,82.94,30,0,6.98,RU,1628019275
Araouane,18.9048,-3.5265,101.52,26,32,1.79,ML,1628019276
Salekhard,66.53,66.6019,55.18,87,0,5.55,RU,1628019276
Chumikan,54.7183,135.315,51.12,93,100,6.67,RU,1628019276
Montevideo,-34.8335,-56.1674,62.62,67,0,4.0,UY,1628019276
Tofield,53.3668,-112.6686,78.12,26,0,15.03,CA,1628019277
Kibiti,-7.7218,38.9375,66.11,95,0,4.29,TZ,1628019277
Olafsvik,64.8945,-23.7142,54.59,83,98,6.55,IS,1628019277
Kassala,15.451,36.4,78.75,72,100,14.0,SD,1628019278
Cornwall,45.0181,-74.7281,78.26,50,40,11.5,CA,1628019278
Topolobampo,25.6,-109.05,97.05,49,20,5.75,MX,1628019279
Wanaka,-44.7,169.15,31.1,99,98,1.01,NZ,1628019279
Santiago,-33.4569,-70.6483,81.28,20,0,4.61,CL,1628019019
Benguela,-12.5763,13.4055,70.32,86,2,2.08,AO,1628019279
Harper,4.375,-7.7169,76.39,81,54,6.35,LR,1628019280
Kharp,66.8014,65.8081,55.17,85,0,2.98,RU,1628019280
Maniitsoq,65.4167,-52.9,48.11,88,43,8.68,GL,1628019280
Caravelas,-17.7125,-39.2481,71.15,76,56,5.37,BR,1628019281
Whitehorse,60.7161,-135.0538,62.1,67,40,10.0,CA,1628019006
Igualada,41.581,1.6172,76.96,67,60,8.01,ES,1628019281
Marovoay,-16.1,46.6333,75.34,70,28,0.83,MG,1628019281
Tazovsky,67.4667,78.7,57.51,86,100,3.11,RU,1628019282
Arrondissement de Cambrai,50.1667,3.4167,63.7,92,100,0.6,FR,1628019282
Sola,-13.8833,167.55,77.04,70,59,13.98,VU,1628019282
Pocatello,42.8713,-112.4455,81.48,43,1,3.0,US,1628019283
Kostroma,57.7708,40.9344,64.11,73,48,6.51,RU,1628019283
Ambulu,-8.345,113.6058,73.42,92,51,2.64,ID,1628019283
Xingyi,24.1877,102.817,60.39,93,37,3.89,CN,1628019284
Moree,-29.4667,149.85,39.22,87,0,5.75,AU,1628019284
Selenduma,50.9131,106.2406,57.33,82,100,4.5,RU,1628019284
Pho Thong,14.6673,100.4088,78.24,80,100,6.55,TH,1628019284
Klaksvík,62.2266,-6.589,52.72,94,100,5.57,FO,1628019285
Itapirapuã,-15.8233,-50.6133,91.0,19,34,8.28,BR,1628019285
Luorong,24.4058,109.6086,80.28,76,95,3.65,CN,1628019286
Waverly,42.7392,-84.6208,80.49,46,1,4.61,US,1628019286
Rome,43.2128,-75.4557,79.95,44,20,4.61,US,1628019086
Marawi,7.9986,124.2928,67.64,87,100,5.12,PH,1628019286
Saint-François,46.4154,3.9054,60.24,92,90,4.61,FR,1628019287
Imbituba,-28.24,-48.6703,63.82,76,2,10.78,BR,1628019287
Mezen',65.8522,44.24,60.35,82,49,11.01,RU,1628019287
Gudāri,19.35,83.7833,76.3,88,91,2.13,IN,1628019288
Riohacha,11.5444,-72.9072,84.16,71,99,10.33,CO,1628019288
Taoudenni,22.6783,-3.9836,107.55,14,34,2.37,ML,1628019288
Agirish,61.9247,63.0231,63.84,70,99,3.87,RU,1628019288
Beyneu,45.3167,55.2,92.86,18,2,8.55,KZ,1628019289
Puerto del Rosario,28.5004,-13.8627,74.88,73,40,14.97,ES,1628019289
Yurimaguas,-5.9,-76.0833,89.76,62,20,9.22,PE,1628019289
Slavutych,51.5196,30.7343,59.23,68,2,4.14,UA,1628019290
Sal Rei,16.1833,-22.9167,80.8,78,40,18.41,CV,1628019290
Derveni,38.1333,22.4167,93.0,40,17,2.06,GR,1628019290
Torbay,47.6666,-52.7314,72.88,63,20,19.57,CA,1628019290
Salalah,17.0151,54.0924,78.89,94,90,5.75,OM,1628019291
Kaitangata,-46.2817,169.8464,41.94,85,14,3.31,NZ,1628019291
Verkhoyansk,67.5447,133.385,56.5,47,20,3.89,RU,1628019292
Manama,26.2154,50.5832,100.38,37,0,4.61,BH,1628019126
Riachão das Neves,-11.7461,-44.91,87.08,23,0,6.31,BR,1628019292
Heraclea,37.5133,34.0467,71.8,27,0,2.21,TR,1628019292
Rawlins,41.7911,-107.2387,70.23,57,40,6.91,US,1628019177
Esperantina,-3.9017,-42.2336,92.89,30,26,2.3,BR,1628019293
Constantine,36.365,6.6147,87.21,45,40,9.22,DZ,1628019293
Nebolchi,59.1239,33.3454,55.24,94,13,8.39,RU,1628019293
Semey,50.4111,80.2275,68.85,54,20,6.26,KZ,1628019294
Ukiah,39.1502,-123.2078,102.13,22,1,3.44,US,1628019294
Balaipungut,1.05,101.2833,73.87,99,85,0.85,ID,1628019294
Ketchikan,55.3422,-131.6461,59.47,88,90,3.44,US,1628019006
Santa Fe,-31.6333,-60.7,70.75,25,100,4.0,AR,1628019295
São Félix do Xingu,-6.6447,-51.995,95.23,19,39,4.72,BR,1628019295
Ahipara,-35.1667,173.1667,51.85,75,91,7.34,NZ,1628019295
Ola,59.5833,151.2833,50.07,59,1,8.95,RU,1628019296
Zyryanskoye,56.8306,86.6258,57.97,96,37,4.05,RU,1628019296
Raudeberg,61.9875,5.1352,58.6,82,37,5.19,NO,1628019296
Alekseyevsk,57.8406,108.3492,53.4,95,10,1.77,RU,1628019297
Watsa,3.0372,29.5355,64.15,97,68,1.79,CD,1628019297
Ves'yegonsk,58.664,37.2604,57.47,80,3,7.54,RU,1628019297
Pacific Grove,36.6177,-121.9166,89.8,82,40,1.01,US,1628019297
Rio Grande,-32.035,-52.0986,59.11,81,40,6.46,BR,1628019116
Gelibolu,40.4103,26.6708,82.26,60,0,15.01,TR,1628019298
Kosh-Agach,50.0,88.6667,52.43,72,6,3.89,RU,1628019298
Champerico,14.3,-91.9167,91.94,66,95,7.43,GT,1628019298
Ekibastuz,51.6667,75.3667,70.48,47,83,5.86,KZ,1628019299
Muaná,-1.5283,-49.2167,89.4,47,22,1.25,BR,1628019299
Huadian,42.9633,126.7478,66.99,93,97,2.39,CN,1628019299
St. George's,12.0564,-61.7485,85.68,70,20,17.27,GD,1628019217
Vung Tau,10.346,107.0843,80.94,83,100,16.69,VN,1628019233
Lexington Park,38.2668,-76.4538,79.47,67,90,5.75,US,1628019300
Augsburg,48.3667,10.8833,62.62,82,0,10.36,DE,1628018640
Santa Vitória,-18.8386,-50.1214,82.17,27,73,9.13,BR,1628019300
Acapulco de Juárez,16.8634,-99.8901,89.42,74,40,6.91,MX,1628019155
Killybegs,54.6333,-8.45,60.51,86,100,4.43,IE,1628019301
Fukuechō,32.6881,128.8419,80.96,78,28,2.8,JP,1628019301
Bonavista,48.6499,-53.1147,75.2,72,83,4.18,CA,1628019302
Tacuarembó,-31.7333,-55.9833,61.57,61,65,6.33,UY,1628019302
Sabang,5.8933,95.3214,83.21,76,100,23.15,ID,1628019311
Garoowe,8.4054,48.4845,82.22,44,6,25.86,SO,1628019312
Kurayoshi,35.4333,133.8167,78.62,88,27,6.46,JP,1628019312
Hermosillo,29.0667,-110.9667,102.24,36,1,3.44,MX,1628019313
Gogrial,8.5332,28.1004,71.71,92,80,4.52,SS,1628019313
Štíty,49.9612,16.7658,64.89,84,94,1.54,CZ,1628019313
Messina,38.1933,15.5497,85.96,72,0,4.61,IT,1628019238
Kununurra,-15.7667,128.7333,75.18,31,48,6.91,AU,1628019314
Vao,-22.6667,167.4833,68.86,66,39,3.91,NC,1628019314
Hearst,49.6835,-83.6665,66.45,27,11,4.76,CA,1628019314
Husavik,66.0449,-17.3389,53.51,81,88,4.72,IS,1628019315
Yangambi,0.8102,24.4336,75.11,70,43,2.19,CD,1628019315
Correntina,-13.3433,-44.6367,84.13,26,32,6.91,BR,1628019315
Fos-sur-Mer,43.4377,4.9446,76.84,60,0,6.91,FR,1628019316
Gaoua,10.2992,-3.2508,77.5,75,100,4.07,BF,1628019316
Kaeo,-35.1,173.7833,44.33,89,85,4.21,NZ,1628019316
Ca Mau,9.1769,105.15,78.04,90,100,5.17,VN,1628019317
Manitouwadge,49.1215,-85.8403,75.92,41,45,4.61,CA,1628019317
Kiryat Gat,31.61,34.7642,90.39,41,0,6.98,IL,1628019317
Bitung,1.4451,125.1824,76.05,86,66,9.08,ID,1628019318
Gweta,-20.1833,25.2333,62.73,30,0,10.74,BW,1628019318
Mocuba,-16.8392,36.9856,61.03,81,18,3.91,MZ,1628019318
Menzel Salem,35.8567,8.4765,96.8,15,40,6.44,TN,1628019318
Quinto di Treviso,45.6481,12.1667,77.27,69,0,1.14,IT,1628019319
Porto Santo,33.072,-16.3415,73.78,64,40,12.66,PT,1628019319
Hokitika,-42.7167,170.9667,37.08,74,13,8.43,NZ,1628019319
Aketi,2.7388,23.7833,72.82,89,97,2.26,CD,1628019320
Fallon,39.4735,-118.7774,94.78,13,20,3.44,US,1628019320
Abay,49.6311,72.8539,55.78,56,16,1.83,KZ,1628019320
Gouré,13.9835,10.2704,86.02,50,5,9.08,NE,1628019320
Cauquenes,-35.9671,-72.3225,65.55,51,3,2.42,CL,1628019321
Cortez,37.3489,-108.5859,83.93,35,75,12.66,US,1628019321
Sistranda,63.7256,8.834,53.91,66,15,3.4,NO,1628019321
Ponta Delgada,37.7333,-25.6667,75.92,78,40,8.05,PT,1628019322
Colares,38.7992,-9.4469,71.28,72,20,10.0,PT,1628019322
Muzaffarabad,34.37,73.4711,75.42,84,1,4.34,PK,1628019322
Kodoli,16.8833,74.2,72.25,90,100,11.48,IN,1628019323
Ust-Tsilma,65.441,52.1498,66.88,74,100,9.22,RU,1628019323
Makhachkala,42.9764,47.5024,76.98,41,0,5.7,RU,1628019137
Villa Hayes,-25.0931,-57.5236,73.49,33,0,4.61,PY,1628019323
Riyadh,24.6877,46.7219,96.94,9,57,10.04,SA,1628019324
Margate,51.3813,1.3862,63.3,66,0,1.99,GB,1628019324
Villa María,-32.4075,-63.2402,71.82,36,97,10.85,AR,1628019324
Nagar,27.4333,77.1,80.49,80,100,11.27,IN,1628019325
Luk Pu,23.1742,112.2809,81.88,93,98,2.73,CN,1628019325
Boffa,10.1667,-14.0333,76.35,85,96,4.76,GN,1628019325
Domoni,-12.2569,44.5319,74.16,77,0,5.91,KM,1628019326
Bariloche,-41.1456,-71.3082,58.75,29,0,3.44,AR,1628019029
Aklavik,68.2191,-135.0107,54.43,71,75,3.44,CA,1628019326
Nago,26.5881,127.9761,80.76,90,100,18.16,JP,1628019326
Korla,41.7597,86.1469,78.93,23,44,4.29,CN,1628019327
Anadyr,64.75,177.4833,46.9,87,75,21.99,RU,1628019327
Gopālpur,19.2667,84.9167,82.09,77,100,5.79,IN,1628019327
Shar,49.5886,81.0453,67.75,60,19,5.28,KZ,1628019327
San Luis,-33.295,-66.3356,69.71,21,35,1.72,AR,1628019328
Teya,60.3778,92.6267,60.87,72,86,0.27,RU,1628019328
Bagotville,-28.9833,153.4167,53.49,61,0,8.63,AU,1628019328
